scenario,portfolio,portfolio_impact,portfolio_impact_usd,stressed_annualised_volatility,correlation_override,worst_asset,worst_asset_shock,largest_loss_contributor,largest_loss_contribution,description
Equity Bear Market,equal_weight,-0.12074694151800726,-120746.94151800725,0.08845298890609742,,JPM,-0.25232973389643254,MSFT,-0.018431068942625566,"Growth scare. Equities fall 20%; Treasuries rally 5% on a flight to quality; commodities soften 5% on weaker demand; REITs fall 18%, tracking equities but cushioned slightly by the duration rally. Coherent because the same shock drives all four legs: a downgrade to growth expectations is bad for equities and real assets and good for duration."
Equity Bear Market,minimum_variance,-0.045034296081292995,-45034.296081292996,0.046928325286602096,,JPM,-0.25232973389643254,MSFT,-0.013000400508903496,"Growth scare. Equities fall 20%; Treasuries rally 5% on a flight to quality; commodities soften 5% on weaker demand; REITs fall 18%, tracking equities but cushioned slightly by the duration rally. Coherent because the same shock drives all four legs: a downgrade to growth expectations is bad for equities and real assets and good for duration."
Equity Bear Market,volatility_target,-0.0956730667076635,-95673.0667076635,0.07640512695952538,,JPM,-0.25232973389643254,MSFT,-0.017077885351191344,"Growth scare. Equities fall 20%; Treasuries rally 5% on a flight to quality; commodities soften 5% on weaker demand; REITs fall 18%, tracking equities but cushioned slightly by the duration rally. Coherent because the same shock drives all four legs: a downgrade to growth expectations is bad for equities and real assets and good for duration."
Equity Bear Market,benchmark,-0.12192990934176703,-121929.90934176704,0.09950749278972328,,JPM,-0.25232973389643254,SPY,-0.12208569558015525,"Growth scare. Equities fall 20%; Treasuries rally 5% on a flight to quality; commodities soften 5% on weaker demand; REITs fall 18%, tracking equities but cushioned slightly by the duration rally. Coherent because the same shock drives all four legs: a downgrade to growth expectations is bad for equities and real assets and good for duration."
Rate Shock (+200bp),equal_weight,-0.0728443028154413,-72844.3028154413,0.08845298890609742,,TLT,-0.29999999999999977,TLT,-0.017884958336918787,"Hawkish repricing of the curve. Long Treasuries fall 30% (200bp against ~17-year duration); equities fall 8% through the discount rate rather than through earnings; commodities are unchanged because the shock is monetary, not a demand event; REITs fall 12%, worse than equities, because they carry both duration and financing-cost sensitivity. Coherent as a policy shock with no growth downgrade attached."
Rate Shock (+200bp),minimum_variance,-0.057153075405731904,-57153.075405731906,0.046928325286602096,,TLT,-0.29999999999999977,TLT,-0.02333045678880921,"Hawkish repricing of the curve. Long Treasuries fall 30% (200bp against ~17-year duration); equities fall 8% through the discount rate rather than through earnings; commodities are unchanged because the shock is monetary, not a demand event; REITs fall 12%, worse than equities, because they carry both duration and financing-cost sensitivity. Coherent as a policy shock with no growth downgrade attached."
Rate Shock (+200bp),volatility_target,-0.0804601030038501,-80460.1030038501,0.07640512695952538,,TLT,-0.29999999999999977,TLT,-0.023835998574974548,"Hawkish repricing of the curve. Long Treasuries fall 30% (200bp against ~17-year duration); equities fall 8% through the discount rate rather than through earnings; commodities are unchanged because the shock is monetary, not a demand event; REITs fall 12%, worse than equities, because they carry both duration and financing-cost sensitivity. Coherent as a policy shock with no growth downgrade attached."
Rate Shock (+200bp),benchmark,-0.08390578603320531,-83905.78603320531,0.09950749278972328,,TLT,-0.29999999999999977,SPY,-0.048834278232062114,"Hawkish repricing of the curve. Long Treasuries fall 30% (200bp against ~17-year duration); equities fall 8% through the discount rate rather than through earnings; commodities are unchanged because the shock is monetary, not a demand event; REITs fall 12%, worse than equities, because they carry both duration and financing-cost sensitivity. Coherent as a policy shock with no growth downgrade attached."
Commodity Collapse,equal_weight,-0.09230055975808711,-92300.55975808711,0.08845298890609742,,DBC,-0.3,DBC,-0.02386630076327936,"Global demand shock. Commodities fall 30%; equities fall 10%; duration rallies 6% as the disinflationary impulse is priced in; REITs fall 8%, the mildest real-asset leg because lower rates partly offset weaker growth. Coherent: falling commodities and rallying bonds are the standard joint signature of a demand-driven slowdown."
Commodity Collapse,minimum_variance,-0.06585530288160218,-65855.30288160218,0.046928325286602096,,DBC,-0.3,DBC,-0.0569292653068906,"Global demand shock. Commodities fall 30%; equities fall 10%; duration rallies 6% as the disinflationary impulse is priced in; REITs fall 8%, the mildest real-asset leg because lower rates partly offset weaker growth. Coherent: falling commodities and rallying bonds are the standard joint signature of a demand-driven slowdown."
Commodity Collapse,volatility_target,-0.08547042896993015,-85470.42896993014,0.07640512695952538,,DBC,-0.3,DBC,-0.03517452694557139,"Global demand shock. Commodities fall 30%; equities fall 10%; duration rallies 6% as the disinflationary impulse is priced in; REITs fall 8%, the mildest real-asset leg because lower rates partly offset weaker growth. Coherent: falling commodities and rallying bonds are the standard joint signature of a demand-driven slowdown."
Commodity Collapse,benchmark,-0.0587591980474429,-58759.1980474429,0.09950749278972328,,DBC,-0.3,SPY,-0.06104284779007758,"Global demand shock. Commodities fall 30%; equities fall 10%; duration rallies 6% as the disinflationary impulse is priced in; REITs fall 8%, the mildest real-asset leg because lower rates partly offset weaker growth. Coherent: falling commodities and rallying bonds are the standard joint signature of a demand-driven slowdown."
Volatility Spike,equal_weight,-0.08180380638126256,-81803.80638126256,0.18147199377247805,0.9,JPM,-0.1547307402096315,JPM,-0.010491112055731234,"Risk-off repricing with no single fundamental trigger — a positioning and liquidity event rather than a change in the outlook. Moves are moderate (equities -12%, REITs -12%, commodities -10%, duration +4%) but pairwise correlations converge to 0.90, so the damage comes from diversification failing rather than from any one leg."
Volatility Spike,minimum_variance,-0.03813635060030252,-38136.350600302525,0.1046055430585752,0.9,JPM,-0.1547307402096315,DBC,-0.01897642176896354,"Risk-off repricing with no single fundamental trigger — a positioning and liquidity event rather than a change in the outlook. Moves are moderate (equities -12%, REITs -12%, commodities -10%, duration +4%) but pairwise correlations converge to 0.90, so the damage comes from diversification failing rather than from any one leg."
Volatility Spike,volatility_target,-0.0677502124685304,-67750.2124685304,0.16609745303557322,0.9,JPM,-0.1547307402096315,DBC,-0.011724842315190465,"Risk-off repricing with no single fundamental trigger — a positioning and liquidity event rather than a change in the outlook. Moves are moderate (equities -12%, REITs -12%, commodities -10%, duration +4%) but pairwise correlations converge to 0.90, so the damage comes from diversification failing rather than from any one leg."
Volatility Spike,benchmark,-0.07238475136695469,-72384.75136695469,0.11215822627835453,0.9,JPM,-0.1547307402096315,SPY,-0.07325141734809314,"Risk-off repricing with no single fundamental trigger — a positioning and liquidity event rather than a change in the outlook. Moves are moderate (equities -12%, REITs -12%, commodities -10%, duration +4%) but pairwise correlations converge to 0.90, so the damage comes from diversification failing rather than from any one leg."
Stagflation: Equity + Rate Shock,equal_weight,-0.14189777787137942,-141897.77787137943,0.08845298890609742,,MSFT,-0.30338147914781616,MSFT,-0.025764703007993776,"The 2022 analogue: inflation forces policy tightening into a slowing economy. Equities -25% and duration -20% fall together, so bonds stop hedging equities; commodities RISE 15%, which is the feature that makes this stagflation rather than a generic sell-off, and the reason it is the worst scenario for the 60/40 benchmark specifically."
Stagflation: Equity + Rate Shock,minimum_variance,-0.05342556282370176,-53425.56282370176,0.046928325286602096,,MSFT,-0.30338147914781616,MSFT,-0.018173197612116075,"The 2022 analogue: inflation forces policy tightening into a slowing economy. Equities -25% and duration -20% fall together, so bonds stop hedging equities; commodities RISE 15%, which is the feature that makes this stagflation rather than a generic sell-off, and the reason it is the worst scenario for the 60/40 benchmark specifically."
Stagflation: Equity + Rate Shock,volatility_target,-0.12084012913834266,-120840.12913834266,0.07640512695952538,,MSFT,-0.30338147914781616,MSFT,-0.023873094145961785,"The 2022 analogue: inflation forces policy tightening into a slowing economy. Equities -25% and duration -20% fall together, so bonds stop hedging equities; commodities RISE 15%, which is the feature that makes this stagflation rather than a generic sell-off, and the reason it is the worst scenario for the 60/40 benchmark specifically."
Stagflation: Equity + Rate Shock,benchmark,-0.18035389544781402,-180353.89544781402,0.09950749278972328,,MSFT,-0.30338147914781616,SPY,-0.15260711947519412,"The 2022 analogue: inflation forces policy tightening into a slowing economy. Equities -25% and duration -20% fall together, so bonds stop hedging equities; commodities RISE 15%, which is the feature that makes this stagflation rather than a generic sell-off, and the reason it is the worst scenario for the 60/40 benchmark specifically."
Severe Combined Stress,equal_weight,-0.22751942686087762,-227519.4268608776,0.18601068333160548,0.95,VNQ,-0.35,MSFT,-0.027383114547678753,"A forced-liquidation event, not an economic one. Equities -30%, duration -25%, commodities -20%, REITs -35%, correlations at 0.95. Rates rising WHILE commodities collapse is not an inflation story and would be incoherent as a macro forecast; it is the signature of a dash for cash, where leveraged holders sell whatever is liquid and everything falls together except cash. The week of 9-20 March 2020 is the precedent: equities, Treasuries and gold all sold off at once. This is also the scenario where the framework's lack of any liquidity modelling bites hardest, since a real liquidation event widens spreads and the losses here assume none of that. Hypothetical stress assumptions, not forecasts."
Severe Combined Stress,minimum_variance,-0.13319370506457537,-133193.70506457536,0.10695141040419077,0.95,VNQ,-0.35,DBC,-0.03795284353792708,"A forced-liquidation event, not an economic one. Equities -30%, duration -25%, commodities -20%, REITs -35%, correlations at 0.95. Rates rising WHILE commodities collapse is not an inflation story and would be incoherent as a macro forecast; it is the signature of a dash for cash, where leveraged holders sell whatever is liquid and everything falls together except cash. The week of 9-20 March 2020 is the precedent: equities, Treasuries and gold all sold off at once. This is also the scenario where the framework's lack of any liquidity modelling bites hardest, since a real liquidation event widens spreads and the losses here assume none of that. Hypothetical stress assumptions, not forecasts."
Severe Combined Stress,volatility_target,-0.21097902563475374,-210979.02563475375,0.17025842497776947,0.95,VNQ,-0.35,MSFT,-0.02537268414868074,"A forced-liquidation event, not an economic one. Equities -30%, duration -25%, commodities -20%, REITs -35%, correlations at 0.95. Rates rising WHILE commodities collapse is not an inflation story and would be incoherent as a macro forecast; it is the signature of a dash for cash, where leveraged holders sell whatever is liquid and everything falls together except cash. The week of 9-20 March 2020 is the precedent: equities, Treasuries and gold all sold off at once. This is also the scenario where the framework's lack of any liquidity modelling bites hardest, since a real liquidation event widens spreads and the losses here assume none of that. Hypothetical stress assumptions, not forecasts."
Severe Combined Stress,benchmark,-0.21923934165969905,-219239.34165969904,0.11300367517556036,0.95,VNQ,-0.35,SPY,-0.18312854337023288,"A forced-liquidation event, not an economic one. Equities -30%, duration -25%, commodities -20%, REITs -35%, correlations at 0.95. Rates rising WHILE commodities collapse is not an inflation story and would be incoherent as a macro forecast; it is the signature of a dash for cash, where leveraged holders sell whatever is liquid and everything falls together except cash. The week of 9-20 March 2020 is the precedent: equities, Treasuries and gold all sold off at once. This is also the scenario where the framework's lack of any liquidity modelling bites hardest, since a real liquidation event widens spreads and the losses here assume none of that. Hypothetical stress assumptions, not forecasts."
